time,mean:Madeira__ecdc__inc,res:Madeira__ecdc__inc
7,69.7417,-4.47682
14,89.0302,2.74188
21,212.85,-1.1299
28,299.129,-1.70833
35,349.696,0.875845
42,385.206,-4.21071
49,296.244,-1.04486
56,228.842,2.52865
63,186.165,1.14786
70,134.36,-1.46154
77,81.9825,-1.62968
84,48.1274,0.463675
91,32.9621,-1.1157
98,20.0973,-1.86786
105,11.1543,-0.737363
112,6.94861,0.929488
119,5.61586,-0.214553
