time,mean:Madeira__ecdc__inc,res:Madeira__ecdc__inc
7,224.026,-4.53451
14,94.3809,1.43144
21,157.508,0.401138
28,191.73,0.588113
35,239.966,2.79691
42,396.074,-2.83254
49,274.461,-0.322085
56,289.862,0.374638
63,346.143,-1.67643
70,289.738,-2.69606
77,169.283,-2.23021
84,86.9219,-1.06161
91,64.722,-1.76637
98,34.2338,-1.53161
105,13.3093,-0.521046
112,9.45347,0.0752017
119,11.1699,-0.837904
